{
    "src/addons/MoazamShakoor/CommunityBooster/addon.json": "583cab58a4e203475b35a04bd93e44674550e01d85956a4ee73241de29327881",
    "src/addons/MoazamShakoor/CommunityBooster/Cron/LikePosts.php": "076bfa918689592a8173786fefa8d307d036a244620f28068ee8aaba84e2e8e4",
    "src/addons/MoazamShakoor/CommunityBooster/Entity/SessionData.php": "2437cebff50542ae107623c945438def522e515e12fc625bd6190e56dfabc717",
    "src/addons/MoazamShakoor/CommunityBooster/Listeners.php": "4c65ab0a916cf3bfe22a8a0100f8750a902c0a1accbd9e799886b5c05e8e7e59",
    "src/addons/MoazamShakoor/CommunityBooster/Option/FromTo.php": "3bcab41c83882816b7d7f2cf4be04f0b7d5132d68d6b03e486ca699c33b3d266",
    "src/addons/MoazamShakoor/CommunityBooster/Repository/SessionData.php": "e7ef4636516904e6c299a489d6c9876ec2531f1ed8bef12faf3022234506fa65",
    "src/addons/MoazamShakoor/CommunityBooster/Setup.php": "8c9394449530acb6d8f0b3ed07bae9dab56496b2462c2ac1bf51113469bc1081",
    "src/addons/MoazamShakoor/CommunityBooster/XF/Entity/UserAlert.php": "9dbfae868adaf9752d07466d3ef4accdd8bbeb8ed7695cf6545ee4de12a554e7",
    "src/addons/MoazamShakoor/CommunityBooster/_data/activity_summary_definitions.xml": "99d8c2563a31320d66f958fc8bda78613545f5f7959bb3cf5318805e3a3c39d2",
    "src/addons/MoazamShakoor/CommunityBooster/_data/admin_navigation.xml": "064ec797484ac00d5ee37367b50b06846d11f480d00550997712707f8fdac8c0",
    "src/addons/MoazamShakoor/CommunityBooster/_data/admin_permission.xml": "ec6fb97cebf0bceb24f1ed1d5778c1db54eeb7535fbb3e31d824840e7aa9ff87",
    "src/addons/MoazamShakoor/CommunityBooster/_data/advertising_positions.xml": "d2f7cbe844bb1df3cf878d22ff6306249245c8ff6b0b87b9b729744bec538261",
    "src/addons/MoazamShakoor/CommunityBooster/_data/api_scopes.xml": "6793eaf758f140e8137187ba20e65f4faccf53410433ae3ad7a8b3b38cb6b3b7",
    "src/addons/MoazamShakoor/CommunityBooster/_data/bb_codes.xml": "faa4ddd5f4a365e5ac39aebdcbe2d25aedf74e7eb9ea4a812766e2fd5e13bdb1",
    "src/addons/MoazamShakoor/CommunityBooster/_data/bb_code_media_sites.xml": "29762987990187b33e43cfb68c08dc917b2d3f0176613d78f8e6c453f82da3f3",
    "src/addons/MoazamShakoor/CommunityBooster/_data/class_extensions.xml": "2694e0002289ce38b1c711728e53d96af86acda57f0ac6fab8d20c4be8ef9579",
    "src/addons/MoazamShakoor/CommunityBooster/_data/code_events.xml": "8370dec3df47f91df4cf79da253446ad11b29f4ea568fe76c774e97a0379f0eb",
    "src/addons/MoazamShakoor/CommunityBooster/_data/code_event_listeners.xml": "2bf5396e26cde2b36f20010c18f0f5c51f6a3458ae515a4da2dee6714b602a49",
    "src/addons/MoazamShakoor/CommunityBooster/_data/content_type_fields.xml": "c7ad5472b28f465b7ac7617627707eba1b7a39d28089460d52e1ed292fc0b06a",
    "src/addons/MoazamShakoor/CommunityBooster/_data/cron.xml": "7f2e90b31ffafacb8aeb045f51e6227d879f6cf52c19fc989634066026d6cc11",
    "src/addons/MoazamShakoor/CommunityBooster/_data/help_pages.xml": "a8a0c0b06cdc550438bc8a8d385af3e1e5ab3459877dfb934c1c31be59c89163",
    "src/addons/MoazamShakoor/CommunityBooster/_data/member_stats.xml": "89fb2b93ff1eca7a1f6f752248edf6090dfd24037db1446fd18ff7143f08124d",
    "src/addons/MoazamShakoor/CommunityBooster/_data/navigation.xml": "f75e1c03a45a360bbdfcd0567121665082315068475d5b0feb8b1acbb1688651",
    "src/addons/MoazamShakoor/CommunityBooster/_data/options.xml": "f2b8968b1b394aadd817c6e2ee9039795b046f92dd5ac64cfb0dc1c63ae2d9c3",
    "src/addons/MoazamShakoor/CommunityBooster/_data/option_groups.xml": "00f1db28430e285abe6d2c821029624e516092d9e6a0af2a6c963e4a622b79cd",
    "src/addons/MoazamShakoor/CommunityBooster/_data/permissions.xml": "7e4fc7d5826733d15ea2d8936b9bdd41afcaad810eb38e50da3c8d8eafda1550",
    "src/addons/MoazamShakoor/CommunityBooster/_data/permission_interface_groups.xml": "3177224e96458b829aa7fb24866dda9e0455a4922aee3d669b53f59a1ffdf5d1",
    "src/addons/MoazamShakoor/CommunityBooster/_data/phrases.xml": "9116079fa61ea780f42ee8d01b1c40848553bd6af286b4bafe0d888ecf72714d",
    "src/addons/MoazamShakoor/CommunityBooster/_data/routes.xml": "550fa64f9feedf137dd877b38c2684f94474619d2d83890dbb717a91b50da8f5",
    "src/addons/MoazamShakoor/CommunityBooster/_data/style_properties.xml": "8b8690a8512f01f219dd2da76e3d0c5f62afc1f317b87794a7331c859c36a7a8",
    "src/addons/MoazamShakoor/CommunityBooster/_data/style_property_groups.xml": "68e1879cb3846c42d978487aa8d5145ff3335fc39e58016878824d5cf3fd684c",
    "src/addons/MoazamShakoor/CommunityBooster/_data/templates.xml": "88cbbd27d235a703e5ce2ee4715b415b934f0543aa5a3ca18afe6a2e1f3323f2",
    "src/addons/MoazamShakoor/CommunityBooster/_data/template_modifications.xml": "3b54b7df00a6a4a18c5e012b6e2588e35c23aaa13a5fc227f08646a97590d778",
    "src/addons/MoazamShakoor/CommunityBooster/_data/widget_definitions.xml": "37e46965256430f24004c2e7f08ba08f9b0d1cbcc4d70e84b3f4e3ffb713e64b",
    "src/addons/MoazamShakoor/CommunityBooster/_data/widget_positions.xml": "a29cee66134f6bc5d75ed9df1eef21096c24401915c5b5c774389c3d7bb2d5b3"
}